t,ax,ay,az,gx,gy,gz,temp
0.001,0.06456,0.054996,9.872907,0.004257,-0.006385,-0.00745,26.625
0.002,0.019129,-0.014347,9.913556,0.005321,-0.00745,0.002128,26.6875
0.003,0.014347,0.016738,9.894427,0.003193,0,0.00745,26.3125
0.004,0.007173,-0.007173,9.865733,0.005321,0,0.005321,26.4375
0.005,0.004782,0.02152,9.860951,0.002128,0.002128,0,26.3125
0.006,0.02152,0.026302,9.85856,0.001064,-0.004257,0.002128,26.4375
0.007,0.004782,0.033476,9.834649,0.004257,-0.004257,-0.004257,26.4375
0.008,0,0.02152,9.834649,0.005321,-0.005321,0,26.5
0.009,0.026302,0.033476,9.853778,0.003193,-0.005321,0.001064,26.5
0.01,0.014347,0.040649,9.937467,0.005321,-0.002128,0.001064,26.375
0.011,0.014347,0.040649,9.856169,0.004257,0.001064,0.003193,26.5625
0.012,-0.009564,0.011956,9.813129,0.008514,-0.003193,0.004257,26.5625
0.013,0.069342,0.019129,9.796391,-0.002128,-0.004257,0.002128,26.5
0.014,0.033476,0.009564,9.839431,0,-0.00745,0.001064,26.5
0.015,0.009564,0.014347,9.853778,0,-0.004257,0.004257,26.625
0.016,0.047822,0.002391,9.844213,0,-0.002128,0.006385,26.6875
0.017,0.028693,0.026302,9.832258,0.006385,-0.005321,0,26.375
0.018,0.047822,-0.007173,9.839431,0.003193,0,0.00745,26.625
0.019,0.047822,-0.023911,9.887253,0.004257,-0.002128,-0.005321,26.375
0.02,0.009564,0.014347,9.868125,0.004257,-0.004257,-0.001064,26.5625
0.021,0.054996,0.023911,9.899209,0.005321,-0.001064,0.003193,26.625
0.022,0.033476,0.028693,9.884862,0.002128,-0.008514,0.002128,26.5
0.023,0.06456,0.009564,9.872907,-0.005321,-0.001064,0.005321,26.625
0.024,-0.023911,0.011956,9.947031,0.005321,-0.002128,-0.003193,26.4375
0.025,0.059778,0.023911,9.846604,0.003193,0.001064,0,26.625
0.026,0.028693,0.019129,9.939858,0.003193,-0.006385,0,26.6875
0.027,-0.038258,0.028693,9.899209,0.004257,-0.005321,-0.001064,26.5
0.028,-0.007173,0.033476,9.894427,0.003193,0,0,26.625
0.029,0.011956,0.031084,9.877689,0.006385,-0.003193,-0.003193,26.5
0.03,-0.028693,0.031084,9.930293,0.006385,0.001064,0.002128,26.5
0.031,0.007173,0.007173,9.877689,0.004257,0,0.002128,26.625
0.032,0.02152,0.057387,9.896818,0.003193,-0.003193,0.003193,26.5625
0.033,0.002391,0.028693,9.884862,0.004257,-0.001064,0.004257,26.375
0.034,0.028693,0.04304,9.789218,0,-0.001064,0.004257,26.4375
0.035,0.02152,0.031084,9.81552,0,-0.002128,0.006385,26.5
0.036,0.050213,0.004782,9.81552,0,0.001064,0.001064,26.5
0.037,0.081298,0.016738,9.860951,-0.001064,-0.004257,0.003193,26.6875
0.038,0.04304,0.002391,9.920729,0.003193,-0.005321,0.003193,26.4375
0.039,0.074125,0.023911,9.892036,0.004257,-0.005321,0.001064,26.625
0.04,0.038258,0.002391,9.882471,0.009578,-0.001064,-0.002128,26.75
0.041,0.035867,0.035867,9.853778,-0.001064,-0.003193,0.004257,26.6875
0.042,0.071733,0.038258,9.915947,0.010642,0.001064,0.003193,26.625
0.043,0.035867,0.007173,9.94464,0.002128,-0.002128,0.003193,26.4375
0.044,0.014347,-0.007173,9.870516,0.004257,0,0.002128,26.4375
0.045,0.038258,0.009564,9.844213,-0.003193,-0.003193,0.003193,26.375
0.046,0.011956,0.007173,9.832258,0.004257,0.002128,-0.002128,26.5
0.047,0.016738,0.040649,9.829867,0.005321,-0.002128,-0.004257,26.5
0.048,0.009564,0.028693,9.784436,0.006385,-0.001064,-0.006385,26.3125
0.049,0.040649,0.06456,9.796391,0.003193,-0.002128,0,26.8125
0.05,0.045431,-0.002391,9.863342,0.004257,-0.001064,0.004257,26.375
0.051,0.02152,0.023911,9.851387,0.001064,-0.00745,0.005321,26.4375
0.052,0.054996,0.052604,9.865733,0.00745,0.001064,0.004257,26.6875
0.053,0.050213,0.009564,9.894427,0.006385,-0.008514,-0.004257,26.6875
0.054,0.066951,0.076516,9.808347,0.001064,0.001064,-0.003193,26.375
0.055,0.105209,-0.009564,9.85856,0.006385,-0.003193,0.005321,26.5625
0.056,0.08608,-0.007173,9.868125,0.003193,-0.003193,0.001064,26.6875
0.057,0.016738,-0.014347,9.856169,0.012771,-0.005321,0.004257,26.4375
0.058,0.014347,0.002391,9.827476,0.006385,-0.002128,0.00745,26.6875
0.059,0.038258,0.014347,9.863342,0.005321,-0.00745,-0.001064,26.3125
0.06,0.040649,0.038258,9.903991,0.003193,-0.002128,0.001064,26.5625
0.061,0.007173,0.078907,9.827476,0.00745,-0.002128,-0.001064,26.4375
0.062,0.002391,0.031084,9.877689,0.00745,-0.004257,0.00745,26.625
0.063,-0.023911,0.052604,9.887253,-0.002128,-0.00745,0.003193,26.5
0.064,-0.011956,-0.011956,9.908773,0,-0.002128,-0.004257,26.375
0.065,0.02152,0.023911,9.884862,0.002128,-0.003193,0.009578,26.4375
0.066,0.011956,0.033476,9.829867,0.00745,0.002128,-0.001064,26.5625
0.067,-0.02152,-0.011956,9.829867,0.00745,-0.002128,-0.001064,26.4375
0.068,0.002391,0.054996,9.817911,0.002128,-0.005321,0.003193,26.4375
0.069,0.050213,-0.016738,9.848996,0.002128,-0.002128,0.003193,26.5625
0.07,0.057387,-0.011956,9.801173,0.00745,-0.005321,0.001064,26.625
0.071,0.121947,0,9.746178,0.005321,0.001064,-0.002128,26.4375
0.072,0.052604,0.050213,9.911165,0.00745,-0.004257,0.001064,26.625
0.073,0.031084,0.002391,9.841822,0.004257,0.001064,0.002128,26.3125
0.074,0.002391,0.047822,9.868125,0.002128,-0.005321,-0.002128,26.5
0.075,0.028693,-0.002391,9.872907,0.010642,-0.001064,-0.004257,26.5
0.076,0.009564,0.028693,9.899209,0.004257,0,-0.002128,26.6875
0.077,0.016738,0.059778,9.841822,0.004257,-0.001064,0,26.5625
0.078,0.004782,0.045431,9.937467,-0.004257,-0.004257,0.002128,26.6875
0.079,-0.031084,0.011956,9.789218,0.001064,-0.001064,0,26.3125
0.08,0.019129,0.002391,9.853778,0.005321,-0.003193,0.002128,26.5
0.081,-0.023911,0.035867,9.841822,0.002128,0.001064,-0.004257,26.375
0.082,0.06456,0.023911,9.85856,0.005321,-0.003193,0.005321,26.625
0.083,0.071733,-0.014347,9.832258,0.003193,-0.003193,0,26.375
0.084,0.06456,0.052604,9.848996,0.005321,-0.001064,-0.003193,26.6875
0.085,0.04304,0.009564,9.911165,0.005321,0,0.005321,26.5
0.086,0.052604,0,9.841822,0.00745,-0.002128,0.003193,26.5
0.087,0.088471,0.054996,9.932685,0.006385,0.002128,-0.004257,26.6875
0.088,-0.004782,0.009564,9.860951,0.005321,0.001064,-0.002128,26.375
0.089,0.031084,0.014347,9.92312,0.00745,-0.004257,0.004257,26.5
0.09,-0.031084,0.045431,9.9016,0.001064,-0.002128,0,26.625
0.091,0.02152,0.028693,9.868125,0.00745,-0.001064,0.002128,26.6875
0.092,-0.002391,0.02152,9.872907,0.006385,-0.008514,0.004257,26.6875
0.093,-0.014347,0.031084,9.81552,0,0.004257,0.001064,26.5
0.094,0.038258,0.016738,9.786827,0,0.002128,0.006385,26.375
0.095,0.028693,0.026302,9.784436,0.002128,0,0.003193,26.5
0.096,0.081298,-0.011956,9.875298,0.008514,-0.009578,-0.003193,26.5
0.097,0.081298,0.011956,9.839431,0.005321,-0.002128,0.002128,26.3125
0.098,0.119556,0.002391,9.882471,0.009578,-0.006385,0.006385,26.625
0.099,0.045431,0.026302,9.825084,0.006385,0.002128,0.008514,26.6875
0.1,0.054996,-0.02152,9.882471,0.005321,-0.003193,0.003193,26.625
0.101,0.040649,-0.02152,9.925511,0.004257,-0.002128,0.005321,26.5625
0.102,0.047822,0,9.887253,0.006385,0,-0.004257,26.3125
0.103,-0.002391,0.066951,9.877689,0.00745,0.001064,-0.003193,26.3125
0.104,0.011956,0.059778,9.839431,0.001064,-0.003193,0.001064,26.625
0.105,0.011956,0.06456,9.889645,0.003193,-0.004257,0,26.5625
0.106,0.016738,0.031084,9.896818,0.001064,0.002128,0.004257,26.4375
0.107,0.045431,0.002391,9.83704,0.003193,-0.00745,-0.005321,26.5
0.108,0.026302,0.019129,9.896818,0.005321,-0.001064,0.001064,26.5625
0.109,0.009564,0.016738,9.805956,0.005321,-0.004257,0.005321,26.625
0.11,0.023911,-0.038258,9.841822,-0.001064,0.001064,0,26.6875
0.111,0.033476,0.014347,9.827476,0.001064,-0.003193,0.004257,26.5
0.112,0.054996,0.009564,9.844213,0.006385,-0.002128,-0.003193,26.3125
0.113,0.06456,0.045431,9.856169,0.009578,-0.001064,0.002128,26.5
0.114,0.054996,0.035867,9.851387,0.005321,0.002128,0.003193,26.6875
0.115,0.081298,0.04304,9.894427,0.004257,-0.002128,-0.001064,26.5625
0.116,0.057387,-0.019129,9.875298,0.004257,-0.002128,0,26.4375
0.117,0.016738,0.016738,9.906382,0.002128,-0.002128,0.008514,26.6875
0.118,0.011956,0.033476,9.908773,0.004257,-0.005321,-0.002128,26.5625
0.119,0.016738,0.002391,9.887253,0,-0.004257,0.003193,26.5625
0.12,-0.019129,0.062169,9.839431,0.001064,-0.004257,0.005321,26.375
0.121,0.004782,0.004782,9.868125,0,-0.003193,-0.001064,26.5
0.122,0.014347,0.031084,9.839431,0.001064,0,0.005321,26.75
0.123,0.02152,0.045431,9.817911,-0.005321,-0.002128,0.005321,26.625
0.124,0.023911,0.08608,9.860951,0.004257,-0.001064,0.003193,26.5625
0.125,-0.02152,0.033476,9.906382,0.006385,-0.008514,0.005321,26.5625
0.126,0.004782,0.033476,9.875298,0.008514,0,0.002128,26.6875
0.127,0.007173,0.04304,9.894427,0.005321,-0.002128,-0.002128,26.75
0.128,0.047822,0.045431,9.870516,0.001064,0,0.005321,26.5625
0.129,0.016738,0.04304,9.801173,0.004257,-0.00745,-0.001064,26.4375
0.13,0.02152,0.040649,9.846604,0.006385,0.003193,0.001064,26.5625
0.131,0.066951,-0.033476,9.794,0.003193,-0.002128,0.003193,26.5625
0.132,0.04304,0.062169,9.920729,0.00745,-0.008514,0.001064,26.375
0.133,0.019129,-0.011956,9.863342,0.002128,-0.005321,0.002128,26.5
0.134,0.069342,0.014347,9.860951,0.00745,-0.003193,0,26.3125
0.135,0.047822,0.014347,9.875298,0.002128,-0.004257,0.002128,26.4375
0.136,0.023911,-0.009564,9.88008,0.004257,0,0.002128,26.5625
0.137,0.031084,0.031084,9.925511,0.005321,-0.004257,-0.002128,26.5
0.138,0.019129,-0.002391,9.877689,0,0.004257,-0.004257,26.625
0.139,0.023911,0.074125,9.903991,0,-0.005321,0.002128,26.5625
0.14,-0.009564,0.040649,9.846604,0.004257,-0.004257,0.002128,26.5
0.141,-0.014347,0.076516,9.892036,0.004257,-0.004257,0,26.375
0.142,0.057387,0.016738,9.88008,0.002128,-0.002128,0.003193,26.5
0.143,0.045431,0.040649,9.798782,0.001064,-0.006385,0.012771,26.625
0.144,0.06456,-0.011956,9.810738,0.004257,-0.003193,0.006385,26.4375
0.145,0.026302,-0.002391,9.758133,0.006385,0.003193,0.002128,26.4375
0.146,0.040649,-0.004782,9.827476,0.003193,0,0.008514,26.6875
0.147,0.090862,-0.011956,9.872907,0.005321,-0.005321,0.006385,26.4375
0.148,0.062169,0.02152,9.894427,0.003193,0.001064,0.002128,26.4375
0.149,0.083689,-0.007173,9.863342,0.002128,-0.008514,0.008514,26.375
0.15,0.057387,0.019129,9.9016,0.004257,-0.005321,0.00745,26.5
0.151,0.06456,-0.011956,9.958987,0.00745,0,0.00745,26.5625
0.152,0.040649,0.002391,9.908773,0.001064,-0.001064,-0.003193,26.625
0.153,0.011956,0.007173,9.887253,0.00745,-0.002128,0,26.5
0.154,0.050213,0.076516,9.978116,-0.001064,0.001064,-0.003193,26.6875
0.155,0.02152,0.038258,9.853778,0.003193,-0.003193,0.002128,26.4375
0.156,-0.050213,0.004782,9.882471,0.00745,-0.002128,0,26.6875
0.157,-0.02152,0.047822,9.853778,0.002128,-0.002128,0.005321,26.375
0.158,-0.02152,0.007173,9.848996,-0.002128,-0.003193,-0.004257,26.4375
0.159,0.035867,0.033476,9.856169,0.006385,0.001064,0.003193,26.375
0.16,0.023911,0.038258,9.801173,0.001064,-0.008514,0.002128,26.625
0.161,0.002391,0.023911,9.839431,0.003193,-0.004257,0.004257,26.625
0.162,0.035867,0.019129,9.784436,0.001064,-0.004257,0.001064,26.4375
0.163,0.038258,0.007173,9.915947,0.00745,-0.003193,-0.005321,26.5625
0.164,0.057387,-0.02152,9.872907,0.010642,-0.004257,0.004257,26.5625
0.165,0.04304,0.007173,9.863342,0.003193,0.003193,0.003193,26.25
0.166,0.054996,0.035867,9.920729,0.009578,-0.004257,0.003193,26.6875
0.167,0.078907,0.06456,9.906382,0.003193,-0.003193,0,26.5625
0.168,0,0.014347,9.863342,0,-0.006385,0.003193,26.375
0.169,0.02152,-0.007173,9.872907,0,-0.003193,0.001064,26.4375
0.17,0.062169,0.019129,9.834649,0.008514,-0.00745,0.003193,26.4375
0.171,0.076516,-0.011956,9.860951,-0.001064,-0.002128,0,26.5
0.172,0.057387,0.016738,9.860951,0.00745,-0.004257,0,26.375
0.173,0.093253,0.023911,9.851387,0.010642,-0.002128,0.001064,26.375
0.174,0.052604,0.052604,9.856169,0.009578,-0.003193,0.00745,26.625
0.175,0.047822,0.014347,9.906382,0.006385,-0.005321,0.002128,26.5625
0.176,0.035867,0.009564,9.870516,0,0.001064,0,26.5625
0.177,0.050213,0.019129,9.908773,0.00745,0.005321,0.003193,26.5
0.178,0.035867,0.035867,9.932685,0.006385,-0.002128,-0.005321,26.6875
0.179,0.038258,0.033476,9.85856,0.008514,-0.001064,0.004257,26.375
0.18,0.016738,0.007173,9.851387,-0.001064,-0.00745,0,26.625
0.181,-0.004782,0.052604,9.85856,0.002128,0.001064,0,26.4375
0.182,0.04304,0.045431,9.83704,0,-0.001064,0.003193,26.5
0.183,0.040649,0.038258,9.825084,0.004257,0.004257,0.005321,26.4375
0.184,0.026302,0.011956,9.794,0.001064,-0.002128,0.006385,26.5
0.185,0.028693,-0.007173,9.848996,0.002128,-0.005321,0.008514,26.5625
0.186,0.04304,0.026302,9.848996,0,0.001064,0,26.5
0.187,0.02152,0.011956,9.844213,0.003193,0.001064,-0.003193,26.375
0.188,0.069342,-0.004782,9.863342,0.005321,-0.004257,0.005321,26.25
0.189,0.052604,-0.009564,9.889645,0.004257,-0.002128,0,26.5
0.19,0.047822,0.014347,9.896818,0.00745,-0.003193,0.003193,26.5
0.191,0.062169,0.054996,9.908773,0.003193,0.002128,0.002128,26.375
0.192,0.057387,0.059778,9.906382,0.006385,-0.002128,0.005321,26.375
0.193,0.06456,0.019129,9.911165,0.008514,-0.003193,0.002128,26.625
0.194,0.023911,0.028693,9.851387,0.004257,-0.004257,0,26.4375
0.195,0.050213,0.004782,9.908773,0.001064,0.001064,-0.001064,26.5625
0.196,0.028693,0.019129,9.913556,0.002128,-0.003193,0,26.4375
0.197,0.038258,-0.014347,9.94464,0.009578,-0.003193,0.003193,26.5625
0.198,-0.004782,0.050213,9.889645,0.003193,0.001064,0.00745,26.625
0.199,0.002391,0.023911,9.9016,-0.001064,-0.003193,0.004257,26.375
0.2,-0.04304,0.038258,9.856169,0.005321,-0.001064,0.005321,26.5
0.201,0.016738,0.038258,9.825084,0.004257,-0.005321,-0.002128,26.5
0.202,0.007173,0.040649,9.856169,0.003193,-0.001064,0.004257,26.5625
0.203,0.014347,0.04304,9.810738,0.003193,0.004257,0,26.625
0.204,-0.009564,0.026302,9.782044,0.006385,-0.002128,0.005321,26.375
0.205,0.009564,0.026302,9.865733,0.001064,-0.001064,-0.002128,26.625
0.206,0.031084,0.004782,9.801173,0.003193,-0.006385,0.00745,26.3125
0.207,0.06456,0.02152,9.853778,0.002128,0,-0.001064,26.3125
0.208,0.062169,-0.02152,9.863342,0.008514,-0.003193,0.003193,26.5
0.209,0.081298,0.019129,9.844213,0.006385,-0.004257,0.004257,26.6875
0.21,0.076516,0.007173,9.894427,0.005321,0.002128,0.006385,26.4375
0.211,0.028693,0.023911,9.875298,0.003193,-0.001064,0.004257,26.5
0.212,0.016738,0.011956,9.894427,0.006385,-0.004257,0.001064,26.6875
0.213,0.04304,0.02152,9.877689,0.006385,-0.002128,0,26.5
0.214,0.007173,0.040649,9.894427,0.004257,-0.001064,0.006385,26.3125
0.215,0.057387,-0.028693,9.841822,0.006385,-0.004257,0.002128,26.5625
0.216,0,0.014347,9.918338,0.002128,0.001064,-0.001064,26.625
0.217,0.026302,0.035867,9.803564,0.004257,-0.001064,0.002128,26.6875
0.218,0.02152,0.019129,9.9016,0,-0.002128,0.005321,26.5625
0.219,0.019129,0.028693,9.892036,-0.006385,0.003193,0.00745,26.5
0.22,0.009564,0.007173,9.829867,0.003193,-0.009578,0.00745,26.4375
0.221,-0.014347,0.014347,9.834649,0.00745,0.001064,0.004257,26.5625
0.222,0.062169,-0.009564,9.844213,0.001064,-0.003193,0.002128,26.3125
0.223,0.083689,-0.002391,9.844213,0.00745,-0.004257,0.001064,26.5625
0.224,0.076516,0.016738,9.85856,0.006385,-0.003193,0.006385,26.4375
0.225,0.019129,-0.002391,9.932685,0.008514,0.001064,-0.002128,26.5625
0.226,0.083689,0.040649,9.939858,0.00745,0.002128,0.001064,26.5625
0.227,0.023911,0.059778,9.889645,0.00745,0.001064,-0.003193,26.5625
0.228,0.028693,0.009564,9.853778,0.008514,-0.005321,0.002128,26.3125
0.229,0.040649,0.040649,9.925511,-0.003193,-0.002128,-0.002128,26.6875
0.23,-0.004782,0.069342,9.875298,0.002128,0.001064,0.001064,26.5
0.231,0.031084,0.033476,9.83704,-0.002128,-0.004257,-0.002128,26.625
0.232,-0.014347,0.038258,9.827476,-0.001064,-0.004257,-0.002128,26.6875
0.233,0.016738,0.02152,9.896818,0.003193,-0.001064,0.003193,26.6875
0.234,-0.016738,0.026302,9.794,0.005321,-0.001064,0.00745,26.5625
0.235,0.035867,0.009564,9.817911,0.005321,0.002128,0.006385,26.5625
0.236,0.014347,0.071733,9.789218,0.003193,-0.002128,0.003193,26.5
0.237,0.062169,-0.02152,9.817911,0.005321,0.002128,0.004257,26.625
0.238,0.071733,-0.016738,9.827476,-0.009578,-0.002128,0.004257,26.3125
0.239,0.074125,0.011956,9.877689,0.006385,-0.001064,0.002128,26.5
0.24,0.081298,0.004782,9.925511,0.005321,-0.003193,0.00745,26.4375
0.241,0.050213,-0.026302,9.856169,0.005321,-0.002128,-0.002128,26.6875
0.242,0.028693,0.033476,9.9016,0.001064,-0.006385,-0.002128,26.375
0.243,0,0.02152,9.927902,0.005321,-0.004257,-0.001064,26.3125
0.244,0.002391,0.031084,9.865733,0.005321,-0.005321,0,26.625
0.245,-0.002391,0.011956,9.83704,0.00745,0.001064,0.005321,26.4375
0.246,-0.016738,0.02152,9.896818,0.006385,-0.003193,0.002128,26.25
0.247,0.078907,0.007173,9.9016,0.005321,-0.002128,-0.001064,26.625
0.248,0.057387,0.057387,9.813129,0.001064,-0.005321,0,26.6875
0.249,0.078907,0.026302,9.841822,0.006385,-0.003193,0.002128,26.4375
0.25,0.06456,0.011956,9.887253,0.005321,0,0.002128,26.5
0.251,0.066951,0.019129,9.860951,0.00745,-0.004257,0.002128,26.3125
0.252,0.08608,0.045431,9.844213,0.008514,-0.001064,0.002128,26.5625
0.253,0.081298,0.026302,9.827476,0.003193,-0.001064,0,26.375
0.254,0.114773,-0.016738,9.834649,0.006385,-0.002128,0.005321,26.5625
0.255,0.016738,-0.040649,9.846604,0.008514,-0.006385,-0.005321,26.5625
0.256,0.136293,0.004782,9.884862,0.00745,-0.003193,0.006385,26.625
0.257,0.08608,0.054996,9.920729,0.004257,0.001064,-0.003193,26.6875
0.258,-0.004782,0.054996,9.930293,0.006385,0.002128,-0.005321,26.5
0.259,0.038258,0.04304,9.903991,0.002128,-0.002128,-0.003193,26.625
0.26,0.038258,0.045431,9.925511,0.00745,-0.004257,0.006385,26.4375
0.261,-0.019129,-0.02152,9.911165,0.008514,-0.001064,0.003193,26.4375
0.262,0.06456,0.100427,9.875298,0.001064,-0.006385,0.004257,26.375
0.263,-0.019129,0.031084,9.882471,0.010642,-0.001064,0,26.75
0.264,0.009564,0.04304,9.841822,0.001064,0,0.006385,26.625
0.265,0.047822,0.062169,9.851387,0.004257,-0.005321,0.005321,26.625
0.266,-0.002391,0.04304,9.877689,0.002128,-0.001064,-0.002128,26.5
0.267,0.026302,0.050213,9.83704,0,0.002128,0.004257,26.5625
0.268,-0.019129,0.019129,9.870516,0.003193,-0.001064,0.005321,26.625
0.269,0.035867,0.031084,9.789218,0.006385,-0.001064,0.003193,26.5625
0.27,0.019129,-0.011956,9.794,0.005321,-0.006385,0.003193,26.5
0.271,0.004782,0.002391,9.860951,0.004257,-0.003193,0.001064,26.5625
0.272,0.033476,0.011956,9.865733,0.004257,-0.001064,0.004257,26.6875
0.273,0.007173,0.023911,9.810738,0,-0.001064,-0.001064,26.625
0.274,0.062169,0.014347,9.810738,0.006385,-0.004257,0,26.5625
0.275,0.031084,0.031084,9.805956,0.004257,0,-0.001064,26.625
0.276,0.088471,0.02152,9.88008,0.00745,-0.004257,0.001064,26.5
0.277,0.059778,0,9.856169,0.006385,0.001064,0.002128,26.4375
0.278,0.062169,0.004782,9.892036,0.004257,-0.003193,-0.001064,26.6875
0.279,0.088471,0.02152,9.930293,0.004257,-0.003193,0.005321,26.5
0.28,0.062169,0.026302,9.870516,0,-0.001064,0.004257,26.375
0.281,0.050213,-0.02152,9.85856,0.004257,-0.003193,0.005321,26.5625
0.282,0.047822,0.019129,9.927902,0.006385,-0.003193,0,26.5625
0.283,0.062169,0.045431,9.848996,0.005321,0.003193,0.002128,26.4375
0.284,0.078907,0.019129,9.839431,0.010642,-0.001064,0.001064,26.6875
0.285,0.033476,0.057387,9.930293,0.008514,-0.003193,0.002128,26.5
0.286,0.02152,-0.016738,9.887253,0.004257,-0.005321,0,26.5625
0.287,0.033476,0.016738,9.896818,0.005321,0.002128,-0.001064,26.5
0.288,0.040649,0.028693,9.927902,0.00745,-0.006385,0.003193,26.6875
0.289,0.023911,0.038258,9.915947,0.008514,-0.003193,0.008514,26.5
0.29,0.007173,0.038258,9.915947,0.001064,0.003193,-0.003193,26.625
0.291,-0.026302,0.059778,9.884862,0.002128,-0.001064,-0.001064,26.4375
0.292,0.014347,0.028693,9.896818,0.006385,-0.002128,0.003193,26.3125
0.293,0.050213,0.016738,9.856169,0,-0.008514,0.006385,26.625
0.294,-0.033476,0.026302,9.853778,0.003193,0.003193,0,26.3125
0.295,-0.014347,0.059778,9.817911,0.001064,0.004257,0.004257,26.5625
0.296,-0.031084,0.007173,9.798782,-0.004257,0.002128,0.006385,26.6875
0.297,0.035867,0.038258,9.810738,0.006385,-0.004257,0.002128,26.5625
0.298,0.026302,0.038258,9.817911,0.003193,-0.003193,-0.002128,26.5
0.299,-0.031084,0.031084,9.844213,0.001064,0.003193,0.002128,26.8125
0.3,0.019129,0.035867,9.801173,0.002128,0.002128,0.003193,26.8125
0.301,0.083689,0.011956,9.889645,0.005321,-0.006385,0.009578,26.5625
0.302,0.066951,0.040649,9.870516,0.003193,0.002128,0.001064,26.625
0.303,0.059778,0.040649,9.884862,0.006385,0.002128,0.001064,26.6875
0.304,0.066951,-0.007173,9.915947,0.00745,-0.001064,0.006385,26.6875
0.305,0.019129,0.054996,9.887253,0.003193,-0.002128,0.001064,26.5
0.306,0.06456,0.035867,9.911165,0.005321,-0.005321,-0.005321,26.625
0.307,0.062169,0.016738,9.868125,0.004257,-0.005321,-0.001064,26.3125
0.308,0.007173,0.026302,9.906382,0.006385,-0.001064,0.003193,26.75
0.309,0.040649,-0.014347,9.868125,0.003193,0.002128,0.006385,26.5
0.31,0.02152,0.066951,9.892036,0.001064,0.004257,0.004257,26.625
0.311,0.031084,0.04304,9.884862,0.00745,-0.004257,0.002128,26.625
0.312,0.002391,0.040649,9.853778,0,-0.005321,-0.001064,26.4375
0.313,-0.007173,0.038258,9.829867,0.001064,-0.006385,0.006385,26.6875
0.314,0.028693,-0.002391,9.81552,0.003193,-0.001064,0.001064,26.4375
0.315,0.02152,0.002391,9.841822,0.00745,-0.001064,0.002128,26.5
0.316,0.069342,0.028693,9.865733,0.003193,-0.001064,-0.005321,26.4375
0.317,0.076516,0.016738,9.863342,0.005321,0.001064,0.003193,26.6875
0.318,0.023911,0.014347,9.839431,0.009578,-0.001064,0.004257,26.5625
0.319,0.093253,0.014347,9.841822,0.002128,-0.002128,-0.001064,26.6875
0.32,0.105209,0.050213,9.872907,0.003193,0.002128,0.001064,26.3125
0.321,0.105209,0.007173,9.906382,0.005321,-0.004257,-0.001064,26.4375
0.322,0.057387,-0.026302,9.920729,0.003193,-0.004257,0.002128,26.5625
0.323,0.023911,0.050213,9.927902,0.008514,-0.008514,0.002128,26.5625
0.324,0.028693,0.040649,9.892036,0.005321,-0.005321,0.003193,26.5625
0.325,0.033476,0.050213,9.911165,0.005321,-0.008514,0.002128,26.5625
0.326,0,0.04304,9.88008,0.006385,-0.005321,0.002128,26.5
0.327,-0.028693,0.016738,9.903991,0.001064,-0.002128,-0.003193,26.75
0.328,-0.009564,0.059778,9.865733,0.008514,-0.008514,-0.001064,26.5625
0.329,0.019129,0.026302,9.906382,0,-0.00745,0.004257,26.6875
0.33,0,0.050213,9.817911,0.003193,-0.003193,-0.003193,26.4375
0.331,0.047822,0.04304,9.848996,0.001064,-0.005321,0.001064,26.5
0.332,0.035867,0.011956,9.892036,0,-0.004257,0.004257,26.6875
0.333,0.062169,-0.002391,9.872907,0.005321,-0.005321,0,26.375
0.334,0.069342,-0.011956,9.906382,0.00745,0.001064,-0.002128,26.625
0.335,0.052604,0.035867,9.853778,0.003193,-0.005321,0,26.625
0.336,0.083689,0.02152,9.860951,0.004257,0.001064,0,26.375
0.337,0.076516,0.023911,9.872907,0.004257,-0.003193,0.004257,26.5
0.338,0.04304,-0.011956,9.863342,0.005321,-0.004257,0.001064,26.5625
0.339,0.071733,0.02152,9.892036,0.008514,-0.006385,0.008514,26.6875
0.34,0.047822,0.007173,9.911165,0.004257,-0.00745,-0.003193,26.5625
0.341,0.040649,-0.026302,9.899209,0.004257,-0.003193,0.003193,26.6875
0.342,0.026302,0.028693,9.925511,0.00745,-0.004257,0.009578,26.5
0.343,0.004782,0.026302,9.870516,-0.001064,-0.004257,-0.001064,26.3125
0.344,0.007173,0.016738,9.927902,-0.004257,0,0.006385,26.5
0.345,0.057387,0.026302,9.851387,0.004257,-0.003193,0.002128,26.5625
0.346,-0.04304,0.040649,9.844213,0.001064,-0.00745,-0.004257,26.3125
0.347,0.009564,-0.004782,9.884862,-0.002128,0.003193,0.003193,26.625
0.348,0.033476,0.026302,9.810738,0.002128,-0.004257,0.005321,26.5
0.349,0.038258,0.011956,9.767698,0.005321,-0.002128,0.003193,26.5
0.35,0.02152,-0.009564,9.848996,0.005321,0.001064,0.00745,26.5
0.351,0.069342,0.014347,9.801173,0.00745,-0.003193,-0.002128,26.6875
0.352,0.054996,-0.011956,9.88008,0.001064,-0.001064,-0.003193,26.6875
0.353,0.066951,0.016738,9.872907,0.008514,-0.005321,0,26.6875
0.354,0.081298,0.004782,9.899209,0.00745,-0.004257,0.005321,26.5625
0.355,0.038258,0.009564,9.908773,0.006385,-0.00745,-0.004257,26.6875
0.356,0.031084,0.014347,9.884862,0.00745,-0.001064,0.001064,26.375
0.357,0.026302,0.033476,9.860951,0.005321,-0.003193,0.004257,26.5
0.358,0.023911,0.026302,9.875298,0.004257,0.001064,0.006385,26.625
0.359,-0.031084,0.014347,9.88008,0.004257,-0.001064,0.008514,26.5
0.36,-0.002391,0.007173,9.894427,0.001064,-0.003193,0,26.625
0.361,0.011956,0.007173,9.822693,0.006385,-0.005321,0.002128,26.4375
0.362,-0.004782,0.031084,9.848996,0,0.005321,0.002128,26.625
0.363,0.002391,0.047822,9.846604,-0.001064,-0.003193,0.005321,26.625
0.364,0.04304,0.023911,9.822693,0.001064,-0.001064,0.005321,26.3125
0.365,0.033476,0.004782,9.827476,0.009578,-0.006385,-0.001064,26.625
0.366,0.047822,0.02152,9.832258,0.00745,-0.005321,-0.002128,26.5625
0.367,0.052604,-0.007173,9.846604,-0.001064,-0.006385,0.001064,26.5625
0.368,0.098036,-0.016738,9.889645,0.006385,-0.002128,0,26.375
0.369,0.045431,-0.011956,9.860951,0,0.004257,0.008514,26.6875
0.37,0.074125,-0.009564,9.877689,0.003193,0,0,26.5
0.371,0.066951,-0.009564,9.872907,0.006385,-0.002128,0.002128,26.5
0.372,0.052604,0.031084,9.846604,0,-0.006385,0.003193,26.5625
0.373,0.040649,0.016738,9.908773,0.001064,-0.002128,0,26.6875
0.374,0.031084,-0.009564,9.877689,0.005321,-0.004257,0.001064,26.3125
0.375,0.02152,0.023911,9.958987,0.002128,-0.001064,0.00745,26.625
0.376,0.031084,0.033476,9.892036,0.004257,0.001064,0.006385,26.5625
0.377,0.023911,0.023911,9.846604,0.002128,-0.005321,0,26.4375
0.378,0.04304,0.019129,9.863342,0,-0.002128,0.001064,26.4375
0.379,-0.011956,0.002391,9.863342,0.002128,0.001064,0.001064,26.5
0.38,0.016738,-0.004782,9.865733,0.001064,-0.006385,0.003193,26.6875
0.381,0.007173,0.031084,9.844213,0,0,-0.002128,26.6875
0.382,0.016738,-0.011956,9.865733,0.00745,0.001064,-0.003193,26.4375
0.383,0.016738,0.019129,9.789218,0,-0.003193,0.001064,26.3125
0.384,0.033476,-0.011956,9.834649,0.005321,-0.003193,0.002128,26.625
0.385,0.02152,0.026302,9.810738,0.005321,-0.003193,0.008514,26.6875
0.386,0.078907,0.050213,9.841822,0.003193,-0.002128,0.002128,26.4375
0.387,0.045431,0.035867,9.863342,0.003193,0,-0.001064,26.5
0.388,0.04304,0.014347,9.856169,0.001064,-0.002128,0.006385,26.6875
0.389,0.078907,-0.02152,9.88008,0.002128,-0.004257,0.003193,26.5625
0.39,0.066951,0.038258,9.865733,0.00745,-0.001064,0.002128,26.5
0.391,0.045431,0.026302,9.894427,0.00745,0.004257,0,26.5
0.392,0.047822,0.023911,9.925511,0.003193,-0.003193,0.004257,26.5625
0.393,0.054996,0.028693,9.903991,0.002128,-0.004257,0.001064,26.625
0.394,0.02152,0.026302,9.868125,0.005321,-0.005321,-0.004257,26.3125
0.395,0.026302,0.054996,9.825084,0,0.002128,0.001064,26.3125
0.396,0.011956,0.016738,9.875298,0.005321,-0.003193,0.006385,26.5
0.397,-0.004782,0.031084,9.789218,0.001064,-0.001064,0.004257,26.375
0.398,-0.002391,0.023911,9.841822,0.005321,-0.003193,0.008514,26.4375
0.399,0.016738,-0.02152,9.868125,0.006385,0.001064,0.008514,26.5625
0.4,0.031084,0.016738,9.817911,0.006385,0,0.001064,26.625
0.401,0.095645,0.026302,9.882471,0.001064,0.002128,0.001064,26.625
0.402,0.028693,0.007173,9.860951,0.005321,-0.003193,-0.001064,26.5
0.403,0.052604,0.057387,9.808347,0.004257,-0.001064,0.005321,26.5
0.404,0.066951,-0.031084,9.868125,0.005321,-0.002128,0.003193,26.5
0.405,0.08608,0.004782,9.889645,0.004257,-0.003193,0.00745,26.625
0.406,0.045431,0.031084,9.865733,0.006385,0.002128,-0.002128,26.4375
0.407,0.050213,0.007173,9.903991,-0.001064,-0.006385,0.002128,26.375
0.408,0.016738,0.014347,9.872907,0.003193,-0.002128,0.002128,26.4375
0.409,0.031084,0.004782,9.88008,0.003193,-0.002128,0.002128,26.5
0.41,-0.016738,0,9.870516,0.003193,-0.006385,-0.001064,26.3125
0.411,0.026302,0.04304,9.83704,0.005321,-0.001064,0.002128,26.625
0.412,0.028693,0.019129,9.856169,0.003193,-0.002128,-0.002128,26.5625
0.413,-0.007173,0.007173,9.796391,0,-0.001064,-0.001064,26.6875
0.414,0.040649,0.023911,9.822693,0.005321,-0.001064,0.001064,26.5625
0.415,0.014347,0.035867,9.786827,-0.004257,-0.003193,0.001064,26.5
0.416,0.002391,-0.011956,9.884862,0.00745,0.004257,0.004257,26.625
0.417,0.040649,0.04304,9.870516,0.004257,-0.002128,0.001064,26.5
0.418,0.038258,-0.009564,9.851387,0.003193,-0.004257,0.005321,26.3125
0.419,0.057387,0.016738,9.85856,0.004257,-0.001064,0.006385,26.5
0.42,0.114773,-0.016738,9.894427,0.00745,-0.003193,0,26.3125
0.421,0.093253,0.009564,9.860951,0.003193,-0.004257,0.012771,26.625
0.422,0.031084,0.004782,9.846604,0.005321,-0.002128,0.001064,26.25
0.423,0.06456,-0.004782,9.817911,0.005321,-0.002128,-0.001064,26.625
0.424,0.023911,0.007173,9.882471,0.00745,-0.002128,0.002128,26.4375
0.425,0.066951,0.047822,9.92312,0.010642,-0.002128,0,26.5
0.426,0.047822,-0.011956,9.882471,0.002128,-0.001064,0,26.4375
0.427,0.033476,0.02152,9.958987,0.005321,-0.002128,0.001064,26.5625
0.428,0.078907,0.014347,9.906382,0.003193,-0.003193,0.001064,26.5625
0.429,0.052604,0.007173,9.870516,-0.002128,-0.001064,0.002128,26.6875
0.43,-0.009564,0.011956,9.882471,0.003193,-0.004257,0.001064,26.1875
0.431,-0.009564,0.035867,9.865733,-0.002128,0.001064,0.005321,26.3125
0.432,0.004782,-0.002391,9.894427,0.004257,0,0.008514,26.5
0.433,0.007173,0.04304,9.839431,0.005321,0.004257,-0.002128,26.3125
0.434,0.004782,0.031084,9.85856,0.008514,0.001064,0.005321,26.6875
0.435,0.023911,0.023911,9.856169,-0.001064,0,0.003193,26.375
0.436,0.035867,0.009564,9.817911,0.006385,-0.004257,0.003193,26.4375
0.437,0.038258,0.011956,9.844213,0.002128,0.003193,0.005321,26.625
0.438,0.054996,0.026302,9.872907,0.006385,0,0,26.5625
0.439,0.059778,0.023911,9.872907,0.005321,-0.003193,0.004257,26.375
0.44,0.04304,0.050213,9.827476,0.003193,0.001064,-0.002128,26.5625
0.441,0.095645,-0.007173,9.88008,0.002128,-0.003193,0.004257,26.8125
0.442,0.028693,0.040649,9.918338,0.008514,-0.003193,0.005321,26.625
0.443,0.06456,0.014347,9.906382,0.004257,-0.004257,-0.003193,26.5625
0.444,0.028693,0.033476,9.892036,0.002128,-0.001064,0.001064,26.5
0.445,0.083689,-0.016738,9.872907,0.00745,-0.005321,0,26.5
0.446,0.06456,0.023911,9.870516,0.002128,-0.008514,0.001064,26.5
0.447,0.016738,0.014347,9.925511,0.001064,-0.001064,0.005321,26.625
0.448,0.02152,0.047822,9.915947,0.003193,-0.005321,0.004257,26.5625
0.449,0.004782,0.045431,9.930293,0.004257,-0.005321,-0.002128,26.625
0.45,0.019129,0.06456,9.844213,0.005321,-0.001064,0.003193,26.625
0.451,0.004782,0.047822,9.856169,0.005321,0,0.005321,26.625
0.452,-0.04304,0.026302,9.832258,0.002128,-0.005321,0,26.5
0.453,-0.016738,0.019129,9.784436,0.001064,0,0.005321,26.5625
0.454,0.047822,0.014347,9.829867,0.004257,-0.004257,0.001064,26.75
0.455,0.06456,0.011956,9.846604,0.003193,-0.001064,-0.001064,26.6875
0.456,0.035867,0.023911,9.839431,0.00745,-0.003193,0.004257,26.625
0.457,0.057387,0.031084,9.85856,0.00745,0.001064,0.001064,26.4375
0.458,0.047822,0.016738,9.841822,0.002128,0.005321,0.006385,26.6875
0.459,0.069342,0.007173,9.925511,0.010642,-0.002128,0.001064,26.5
0.46,0.054996,0.014347,9.889645,0.003193,-0.001064,0.004257,26.4375
0.461,0.112382,0.009564,9.884862,0.004257,-0.005321,0.002128,26.5
0.462,0.054996,0.014347,9.906382,0.006385,-0.001064,-0.005321,26.5625
0.463,0.011956,0.054996,9.887253,0.005321,-0.004257,-0.002128,26.5
0.464,0.016738,0.026302,9.889645,-0.002128,-0.002128,0.010642,26.4375
0.465,0.040649,0.026302,9.892036,0.004257,0.002128,0.001064,26.6875
0.466,-0.031084,0.016738,9.882471,0.001064,-0.003193,-0.001064,26.625
0.467,0.014347,0.045431,9.810738,0.001064,-0.001064,0.002128,26.5
0.468,0.016738,0.031084,9.794,-0.003193,-0.002128,0.001064,26.5625
0.469,0.047822,-0.02152,9.779653,0.006385,-0.004257,0,26.375
0.47,0.06456,0.016738,9.817911,0,-0.005321,-0.006385,26.5
0.471,0.031084,-0.014347,9.882471,0.003193,-0.005321,0.003193,26.625
0.472,0.050213,0.011956,9.913556,0.00745,-0.001064,0.002128,26.6875
0.473,0.083689,0.016738,9.88008,0.010642,0.001064,-0.001064,26.375
0.474,0.109991,0.047822,9.865733,0.00745,-0.006385,0.004257,26.6875
0.475,0.098036,0.057387,9.92312,0.00745,-0.00745,0.005321,26.625
0.476,0.040649,0.014347,9.92312,0.003193,0.006385,0.001064,26.375
0.477,0.071733,0.007173,9.892036,0.005321,0,0.004257,26.4375
0.478,0.033476,0.04304,9.863342,0.004257,0.002128,0,26.5
0.479,0.057387,0.007173,9.899209,0.004257,-0.002128,0.002128,26.5
0.48,0.071733,0.031084,9.915947,0.010642,-0.006385,0.00745,26.4375
0.481,0.093253,0.023911,9.9016,0,-0.006385,0.003193,26.375
0.482,0.066951,0.028693,9.9016,0.004257,-0.003193,0.009578,26.5
0.483,0.031084,0.014347,9.892036,0.005321,-0.001064,0,26.4375
0.484,0.019129,0.009564,9.860951,0,-0.004257,0.003193,26.5
0.485,-0.009564,0.026302,9.887253,0.008514,0.003193,0,26.5
0.486,0.009564,0.028693,9.870516,0.005321,0.001064,0.003193,26.625
0.487,0.002391,0.026302,9.925511,0.004257,0,0.004257,26.625
0.488,-0.002391,0.011956,9.856169,0,0.001064,-0.005321,26.4375
0.489,0.002391,0.031084,9.810738,-0.003193,0.001064,0.002128,26.5625
0.49,0.02152,0.06456,9.841822,0.002128,-0.001064,-0.001064,26.6875
0.491,0.019129,0.069342,9.786827,0.002128,0,0.001064,26.3125
0.492,0.007173,0.059778,9.846604,0.001064,-0.008514,0.004257,26.5
0.493,0.050213,0.023911,9.741396,0.002128,0,0.004257,26.625
0.494,0.054996,0.045431,9.808347,0.005321,-0.003193,-0.001064,26.5
0.495,0.057387,0.035867,9.796391,0,-0.003193,-0.002128,26.5625
0.496,0.066951,0.04304,9.892036,0.006385,-0.001064,-0.004257,26.4375
0.497,0.06456,0.009564,9.915947,0.006385,-0.001064,-0.001064,26.5625
0.498,0.047822,0.007173,9.856169,0.008514,-0.003193,-0.003193,26.5
0.499,0.076516,0.011956,9.88008,0.001064,-0.003193,-0.001064,26.5625
0.5,0.052604,0.040649,9.887253,0.00745,-0.003193,0.002128,26.4375
0.501,0.100427,0.009564,9.882471,0.010642,-0.005321,0.002128,26.5
0.502,0.057387,0.011956,9.911165,0.001064,0.002128,-0.001064,26.375
0.503,0.02152,0.033476,9.918338,0.005321,-0.006385,0.003193,26.5
0.504,0.007173,0.02152,9.9016,0.005321,-0.001064,0,26.75
0.505,0.007173,0.045431,9.9016,0.009578,-0.005321,0.001064,26.5
0.506,0.004782,0.045431,9.872907,0.006385,0.003193,0.003193,26.625
0.507,0.004782,0.050213,9.877689,0.003193,-0.002128,0.002128,26.625
0.508,0.002391,0.074125,9.777262,-0.001064,0.001064,0.003193,26.5
0.509,0.035867,-0.011956,9.813129,0,-0.002128,0.003193,26.625
0.51,0.009564,0.038258,9.825084,0.005321,-0.002128,0.004257,26.6875
0.511,0.035867,-0.019129,9.834649,0.004257,-0.004257,0.002128,26.5
0.512,0.047822,0.02152,9.829867,0.006385,-0.005321,0,26.1875
0.513,0.057387,0.031084,9.88008,0.003193,0,0.001064,26.375
0.514,0.098036,-0.009564,9.906382,0.002128,0.001064,-0.001064,26.4375
0.515,0.052604,0.007173,9.9016,0.010642,-0.001064,0.005321,26.625
0.516,0.074125,0.014347,9.848996,0.006385,-0.003193,0.001064,26.5
0.517,0.088471,0.014347,9.920729,0.001064,-0.002128,0.006385,26.5625
0.518,0.062169,0.026302,9.887253,0.001064,-0.00745,-0.002128,26.4375
0.519,0.052604,0.028693,9.896818,0.003193,-0.001064,0,26.375
0.52,0.014347,-0.004782,9.887253,0.001064,-0.006385,-0.001064,26.5
0.521,0.002391,0.045431,9.848996,-0.001064,-0.001064,0.005321,26.3125
0.522,-0.002391,0.071733,9.925511,0.005321,0.002128,-0.002128,26.625
0.523,-0.026302,0.052604,9.932685,0.00745,-0.004257,0.005321,26.5625
0.524,-0.007173,0.054996,9.83704,0.003193,-0.003193,-0.006385,26.5625
0.525,0.023911,0.026302,9.863342,0,-0.004257,-0.002128,26.6875
0.526,0.04304,0.019129,9.798782,0.002128,-0.005321,0.002128,26.4375
0.527,0.033476,0.040649,9.803564,-0.002128,-0.001064,0.006385,26.375
0.528,0.02152,0.002391,9.820302,-0.004257,0.002128,0.002128,26.625
0.529,0.088471,0.004782,9.863342,0.004257,-0.003193,-0.003193,26.625
0.53,0.093253,0.014347,9.911165,0.00745,-0.002128,0.003193,26.625
0.531,0.081298,-0.019129,9.88008,0.006385,-0.008514,0.003193,26.4375
0.532,0.059778,0.011956,9.877689,0.003193,-0.003193,-0.001064,26.625
0.533,0.059778,-0.009564,9.92312,0.006385,-0.005321,0.008514,26.5625
0.534,0.045431,0.038258,9.860951,0.001064,-0.005321,-0.002128,26.5
0.535,0.047822,0.028693,9.892036,0.003193,-0.009578,0.002128,26.5
0.536,0.033476,0.038258,9.903991,0.005321,-0.002128,0.002128,26.5
0.537,0.040649,0.052604,9.913556,-0.002128,0.001064,0.002128,26.5
0.538,0.009564,0.016738,9.88008,0.009578,-0.004257,0.001064,26.6875
0.539,-0.002391,0.028693,9.894427,0.002128,0.001064,0.003193,26.5
0.54,0.066951,0.050213,9.796391,0.004257,-0.003193,0.002128,26.6875
0.541,0.076516,0.04304,9.841822,0.002128,-0.005321,0.005321,26.625
0.542,0.040649,0.02152,9.779653,0.003193,0,-0.001064,26.6875
0.543,0.047822,0.011956,9.810738,0,0.001064,0.003193,26.4375
0.544,0.026302,0.04304,9.839431,0.003193,-0.004257,0.002128,26.625
0.545,0.069342,0,9.83704,0.008514,-0.00745,0.004257,26.375
0.546,0.04304,0.019129,9.882471,0.00745,-0.001064,0.002128,26.375
0.547,0.078907,0.019129,9.887253,0.005321,0.003193,0.005321,26.6875
0.548,0.066951,0.050213,9.911165,0.008514,-0.002128,0.001064,26.6875
0.549,0.054996,0.014347,9.88008,0.008514,0,0.004257,26.625
0.55,0.011956,0.009564,9.853778,0.005321,-0.003193,0.002128,26.5625
0.551,0.009564,0.004782,9.884862,0.002128,-0.002128,0.002128,26.5
0.552,0.059778,0.019129,9.903991,0.002128,-0.002128,0.00745,26.5
0.553,0.007173,0.040649,9.896818,0.001064,-0.002128,0.005321,26.5625
0.554,-0.004782,0.023911,9.889645,0.002128,0,0.004257,26.4375
0.555,-0.014347,0.033476,9.932685,0.003193,-0.006385,0,26.4375
0.556,0.011956,0.028693,9.882471,0,0.002128,0.002128,26.375
0.557,0.02152,0.04304,9.805956,-0.001064,-0.001064,0.005321,26.4375
0.558,-0.002391,0.007173,9.844213,0.005321,-0.001064,0.006385,26.5
0.559,0.014347,0.06456,9.779653,0.005321,-0.001064,-0.001064,26.5
0.56,0.031084,0.045431,9.813129,0.002128,0.003193,0.002128,26.625
0.561,0.047822,0.019129,9.851387,0.004257,-0.004257,0.001064,26.5
0.562,0.069342,0.028693,9.882471,0.003193,-0.004257,0.004257,26.625
0.563,0.033476,0.016738,9.856169,0.001064,-0.003193,0.006385,26.4375
0.564,0.069342,-0.026302,9.882471,0.006385,-0.003193,0.006385,26.25
0.565,0.076516,0.040649,9.915947,0.006385,0,-0.004257,26.8125
0.566,0.062169,0.016738,9.848996,0.006385,-0.005321,0.00745,26.375
0.567,0.06456,0.004782,9.877689,0.004257,-0.005321,0.004257,26.4375
0.568,0.045431,0.007173,9.9016,0.005321,-0.003193,0.003193,26.4375
0.569,0.026302,-0.009564,9.911165,0.00745,-0.00745,-0.002128,26.375
0.57,-0.033476,0.014347,9.894427,0.001064,-0.001064,0.005321,26.6875
0.571,-0.045431,0.040649,9.915947,-0.001064,0.003193,0.003193,26.5625
0.572,0.016738,0.083689,9.853778,0.001064,0,0.004257,26.5
0.573,0.011956,0.02152,9.817911,0.001064,0,0.002128,26.5
0.574,0.004782,0.040649,9.829867,0.005321,-0.002128,0,26.3125
0.575,0.045431,0.009564,9.789218,0.005321,-0.004257,0,26.375
0.576,0.007173,0.014347,9.829867,0.002128,0,-0.001064,26.5625
0.577,0.045431,0.02152,9.829867,0.002128,-0.004257,-0.003193,26.625
0.578,0.08608,0.016738,9.817911,0.004257,-0.003193,0.002128,26.5
0.579,0.076516,0.02152,9.860951,0.005321,-0.002128,0,26.5625
0.58,0.057387,0.047822,9.870516,0.006385,-0.001064,0,26.5625
0.581,0.028693,0.028693,9.906382,0.005321,-0.005321,0.004257,26.6875
0.582,0.071733,0.009564,9.882471,0.001064,-0.004257,0.001064,26.4375
0.583,0.076516,-0.002391,9.920729,0.001064,-0.006385,-0.002128,26.4375
0.584,0.02152,0.009564,9.856169,0.006385,-0.005321,-0.001064,27
0.585,0.014347,0.026302,9.937467,0.006385,-0.004257,-0.002128,26.375
0.586,0.002391,-0.011956,9.875298,0.00745,-0.004257,0.001064,26.5
0.587,-0.004782,0.04304,9.903991,0.002128,0,0,26.4375
0.588,0.031084,0.031084,9.841822,0,-0.005321,0,26.5625
0.589,0.033476,0.023911,9.829867,0.003193,-0.004257,0.004257,26.5625
0.59,0.023911,0.023911,9.829867,0.005321,-0.004257,0.005321,26.5
0.591,0.038258,0.033476,9.829867,-0.001064,0,0,26.625
0.592,0.040649,0.040649,9.827476,0.002128,-0.003193,-0.004257,26.5
0.593,-0.016738,-0.009564,9.796391,0.006385,-0.004257,0.001064,26.8125
0.594,0.033476,-0.028693,9.848996,0.003193,-0.005321,0.001064,26.3125
0.595,0.040649,-0.023911,9.832258,0.002128,0.002128,0.005321,26.6875
0.596,0.062169,0.04304,9.884862,0.001064,0.001064,-0.003193,26.5625
0.597,0.023911,-0.02152,9.834649,0.002128,-0.001064,0.00745,26.375
0.598,0.052604,-0.016738,9.899209,0.003193,0.002128,0.00745,26.4375
0.599,0.04304,0.009564,9.860951,0.001064,0.001064,0.001064,26.5
0.6,0.095645,0.078907,9.915947,0.004257,-0.009578,0.001064,26.3125
0.601,0.066951,-0.007173,9.887253,0,-0.00745,-0.001064,26.5
0.602,0.052604,0.06456,9.887253,0.005321,0.001064,0.001064,26.375
0.603,0.038258,0.019129,9.877689,0.003193,-0.004257,-0.002128,26.3125
0.604,0.035867,0.014347,9.906382,0.003193,-0.011706,0.003193,26.5625
0.605,0.004782,0.02152,9.865733,0.002128,-0.003193,-0.003193,26.4375
0.606,0.026302,0.04304,9.930293,0.005321,-0.003193,-0.002128,26.5625
0.607,-0.035867,0.028693,9.882471,0.003193,-0.002128,0.001064,26.625
0.608,0.002391,0.054996,9.863342,0.003193,-0.001064,0.001064,26.5625
0.609,-0.009564,0.08608,9.942249,0.001064,0.001064,-0.002128,26.5
0.61,0.002391,0.050213,9.803564,0,-0.002128,0.003193,26.625
0.611,0.02152,0.014347,9.834649,0.003193,0.002128,0,26.625
0.612,0.019129,0.019129,9.81552,0.002128,-0.006385,-0.002128,26.625
0.613,0.100427,-0.002391,9.85856,-0.001064,0.002128,0.003193,26.625
0.614,0.028693,0.004782,9.877689,0.004257,-0.001064,0.006385,26.375
0.615,0.083689,0.02152,9.83704,0.006385,-0.003193,0.001064,26.5625
0.616,0.045431,0.002391,9.865733,0.004257,-0.002128,0.008514,26.6875
0.617,0.06456,0.019129,9.9016,0.008514,0,0.003193,26.625
0.618,0.090862,0.011956,9.927902,0.009578,0,-0.005321,26.5
0.619,0.04304,-0.002391,9.911165,0.008514,-0.005321,0.008514,26.625
0.62,0.074125,0.02152,9.860951,0.00745,-0.005321,0.002128,26.625
0.621,-0.007173,0.002391,9.896818,0.004257,0.001064,0.004257,26.6875
0.622,0.007173,0.035867,9.884862,0.002128,-0.00745,-0.002128,26.625
0.623,-0.033476,0.076516,9.896818,0.002128,-0.001064,0.002128,26.5
0.624,0.014347,0.035867,9.851387,0.003193,0,0.00745,26.6875
0.625,0.011956,0.033476,9.913556,0.00745,-0.004257,0.004257,26.375
0.626,0.038258,0.050213,9.860951,0.002128,-0.003193,0.003193,26.375
0.627,-0.009564,0.074125,9.875298,0,-0.001064,0.001064,26.5625
0.628,0.019129,0.009564,9.832258,0.004257,0.003193,0,26.4375
0.629,0.004782,0.019129,9.801173,0,0.002128,0,26.5
0.63,0.028693,0.011956,9.796391,0.002128,0,0.004257,26.625
0.631,0.057387,-0.014347,9.81552,0.003193,-0.00745,0,26.5
0.632,0.023911,0.002391,9.870516,0.004257,-0.004257,0.001064,26.4375
0.633,0.088471,0.014347,9.920729,0.006385,-0.001064,0.006385,26.6875
0.634,0.066951,-0.011956,9.839431,-0.001064,0.002128,0,26.4375
0.635,0.074125,0.007173,9.951813,0.00745,-0.002128,0.003193,26.625
0.636,0.066951,0.04304,9.894427,0.006385,-0.004257,0.002128,26.625
0.637,0.045431,-0.004782,9.918338,0.004257,-0.001064,-0.00745,26.6875
0.638,0.019129,-0.007173,9.889645,0.00745,-0.004257,-0.001064,26.625
0.639,-0.047822,0.011956,9.925511,0.001064,0,0.004257,26.4375
0.64,0.031084,0.009564,9.9016,0.003193,-0.002128,-0.002128,26.6875
0.641,-0.011956,0.052604,9.846604,0.001064,-0.006385,0.004257,26.375
0.642,0.011956,0.028693,9.801173,0,0.001064,-0.001064,26.625
0.643,0.028693,0.033476,9.825084,0.005321,-0.004257,-0.001064,26.5625
0.644,0.031084,-0.004782,9.798782,0.004257,-0.001064,0.003193,26.5
0.645,0.040649,0,9.81552,0.001064,-0.001064,0.008514,26.3125
0.646,0.071733,-0.023911,9.892036,0.005321,-0.001064,-0.002128,26.5
0.647,0.04304,0.031084,9.918338,0.003193,0.003193,0.003193,26.375
0.648,0.057387,-0.016738,9.829867,0.004257,-0.003193,-0.002128,26.3125
0.649,0.078907,0.007173,9.892036,0.005321,-0.004257,-0.003193,26.4375
0.65,0.066951,0.007173,9.875298,0.006385,-0.001064,0.002128,26.5625
0.651,0.062169,0.028693,9.9016,0.004257,-0.004257,-0.002128,26.625
0.652,0.002391,0.02152,9.942249,0.003193,-0.004257,-0.003193,26.6875
0.653,-0.019129,0.040649,9.918338,0.004257,-0.004257,0.001064,26.5
0.654,-0.02152,0.062169,9.925511,0.002128,-0.005321,0.002128,26.1875
0.655,0.002391,0.069342,9.803564,0,-0.004257,0.001064,26.3125
0.656,0.016738,0.045431,9.829867,0.004257,-0.001064,0.003193,26.625
0.657,-0.031084,0,9.777262,-0.001064,-0.003193,0.006385,26.8125
0.658,0.031084,-0.026302,9.782044,0.002128,0,0.002128,26.5
0.659,0.040649,0.028693,9.844213,0.004257,-0.004257,0.003193,26.625
0.66,0.050213,0.002391,9.860951,-0.001064,-0.002128,-0.001064,26.5625
0.661,0.081298,-0.007173,9.908773,0.009578,-0.003193,0.004257,26.3125
0.662,0.059778,0.014347,9.860951,0.008514,0,0.006385,26.375
0.663,0.100427,-0.004782,9.927902,-0.001064,0.004257,-0.001064,26.5
0.664,0.078907,0.02152,9.88008,0.003193,-0.002128,0.004257,26.375
0.665,0.054996,0.014347,9.894427,0.005321,-0.005321,0.004257,26.4375
0.666,0.050213,0.052604,9.829867,0.00745,-0.00745,0,26.3125
0.667,0.059778,0.035867,9.887253,0.003193,-0.002128,0.004257,26.5625
0.668,0.02152,0.02152,9.951813,0.001064,0,0.006385,26.5625
0.669,-0.002391,0.031084,9.939858,0.003193,-0.003193,0.004257,26.5
0.67,0.014347,0.047822,9.920729,0.003193,-0.006385,0,26.6875
0.671,-0.016738,0.026302,9.892036,0.001064,0.001064,0.003193,26.5
0.672,0.011956,0.062169,9.875298,-0.001064,-0.002128,0,26.5
0.673,0.014347,0.035867,9.884862,0.004257,-0.002128,0.008514,26.8125
0.674,0.02152,0.033476,9.832258,-0.002128,-0.002128,0.001064,26.625
0.675,0.062169,0.040649,9.825084,0,-0.005321,0.003193,26.75
0.676,0.033476,0.016738,9.794,0.004257,-0.002128,0.004257,26.5
0.677,0.033476,0.009564,9.83704,-0.002128,-0.003193,0,26.625
0.678,0.016738,0.011956,9.810738,0.002128,-0.003193,0.001064,26.4375
0.679,0.02152,-0.02152,9.846604,-0.002128,-0.002128,0.004257,26.375
0.68,0.06456,-0.019129,9.829867,0.004257,-0.002128,0.002128,26.5
0.681,0.028693,0.002391,9.870516,0.008514,0.003193,0,26.6875
0.682,0.1076,-0.011956,9.951813,0.004257,-0.003193,0.002128,26.5625
0.683,0.083689,0.004782,9.892036,0.010642,0.001064,0.001064,26.625
0.684,0.074125,0.038258,9.913556,0.004257,-0.005321,-0.001064,26.4375
0.685,0.026302,0.009564,9.939858,0,-0.00745,0.004257,26.625
0.686,0.076516,0.054996,9.949422,0.003193,-0.002128,-0.005321,26.3125
0.687,0.035867,-0.016738,9.889645,0.004257,-0.003193,0.002128,26.4375
0.688,0.019129,0.019129,9.911165,0.004257,-0.004257,0.002128,26.5625
0.689,0.052604,0,9.877689,0.00745,-0.008514,0.003193,26.5625
0.69,0.033476,0.023911,9.906382,0.005321,-0.003193,0.006385,26.6875
0.691,-0.007173,-0.002391,9.915947,0.003193,-0.002128,0.005321,26.5
0.692,-0.004782,-0.011956,9.875298,0.002128,-0.005321,0.002128,26.375
0.693,-0.011956,0,9.925511,0.001064,-0.009578,0.001064,26.5625
0.694,-0.033476,0.031084,9.894427,0,0,0.002128,26.625
0.695,0.002391,-0.007173,9.88008,0.002128,-0.004257,0.001064,26.6875
0.696,-0.023911,0.038258,9.882471,0.00745,0.001064,0.005321,26.5625
0.697,-0.002391,0.040649,9.841822,0.004257,-0.004257,0,26.5
0.698,0.026302,0.038258,9.827476,0,-0.003193,0.002128,26.625
0.699,0.007173,0.040649,9.856169,0.001064,-0.003193,-0.001064,26.625
0.7,0.02152,0.023911,9.913556,0.003193,-0.005321,0.005321,26.5625
0.701,0.011956,0.045431,9.853778,0.001064,-0.005321,0.006385,26.3125
0.702,0.02152,0.016738,9.834649,0,-0.002128,-0.002128,26.6875
0.703,0.074125,0.038258,9.798782,-0.001064,-0.001064,0.004257,26.625
0.704,0.035867,0.033476,9.839431,0.006385,0,0.003193,26.4375
0.705,0.052604,0.009564,9.805956,-0.003193,-0.006385,0.005321,26.5625
0.706,0.031084,0.02152,9.834649,0.006385,0.002128,-0.001064,26.5
0.707,0.071733,-0.011956,9.88008,0.006385,-0.001064,0.006385,26.625
0.708,0.098036,-0.014347,9.829867,0.003193,0,0.002128,26.8125
0.709,0.074125,-0.023911,9.894427,0.005321,-0.003193,-0.002128,26.5
0.71,0.066951,0.007173,9.918338,0.002128,-0.005321,0.002128,26.5
0.711,0.050213,0.014347,9.865733,0.003193,-0.001064,-0.003193,26.6875
0.712,0.04304,0.035867,9.915947,0,-0.001064,0.004257,26.5625
0.713,0.02152,-0.019129,9.872907,0.002128,-0.006385,-0.002128,26.6875
0.714,-0.04304,0.040649,9.875298,0.003193,-0.003193,0.001064,26.5625
0.715,-0.011956,-0.009564,9.894427,0.003193,0.001064,0.004257,26.375
0.716,0.016738,0.023911,9.841822,0.004257,-0.001064,0.003193,26.5
0.717,0.019129,0.023911,9.817911,0.005321,-0.006385,0.005321,26.5
0.718,0.016738,0.007173,9.782044,0.005321,-0.002128,0.004257,26.625
0.719,0.031084,0.004782,9.791609,0.006385,-0.004257,0.006385,26.5
0.72,0.045431,0.007173,9.887253,0.005321,0,0,26.5
0.721,0.078907,-0.035867,9.927902,0.006385,-0.004257,-0.002128,26.5
0.722,0.069342,0,9.911165,0.003193,-0.002128,0.003193,26.625
0.723,0.035867,0.019129,9.829867,0.003193,0.001064,0.005321,26.3125
0.724,0.054996,0.019129,9.937467,0.006385,-0.005321,0.001064,26.5
0.725,0.009564,-0.004782,9.894427,0.008514,0,-0.001064,26.5625
0.726,0.038258,-0.009564,9.892036,0.00745,-0.001064,0.005321,26.625
0.727,0.026302,0.014347,9.9016,0.004257,-0.002128,-0.001064,26.625
0.728,0.009564,0.040649,9.918338,0.003193,-0.002128,0.003193,26.375
0.729,0.023911,0.038258,9.906382,0.004257,-0.003193,-0.001064,26.375
0.73,-0.007173,0.076516,9.877689,0,0.002128,-0.001064,26.6875
0.731,0.004782,0.035867,9.844213,0.005321,-0.005321,-0.003193,26.6875
0.732,0.023911,-0.002391,9.81552,0.001064,0,0.004257,26.625
0.733,0.028693,0,9.789218,0.002128,-0.002128,0.002128,26.5625
0.734,0.004782,0.009564,9.856169,0.003193,-0.004257,-0.003193,26.375
0.735,0.04304,0.023911,9.851387,0.002128,0,-0.001064,26.375
0.736,0.081298,0.011956,9.844213,0.005321,-0.002128,0.003193,26.5625
0.737,0.083689,0.02152,9.918338,0.009578,0.002128,0,26.5
0.738,0.098036,0.011956,9.872907,0.006385,-0.002128,0.003193,26.5
0.739,0.06456,0.007173,9.937467,0.003193,0.001064,0,26.3125
0.74,0.031084,0.02152,9.908773,0.006385,-0.00745,-0.001064,26.5625
0.741,0.028693,-0.004782,9.85856,0.005321,-0.004257,0.004257,26.375
0.742,0.040649,0.026302,9.903991,0.002128,-0.004257,0,26.4375
0.743,-0.019129,0.026302,9.9016,0.003193,-0.001064,0.006385,26.6875
0.744,-0.028693,-0.009564,9.915947,0.003193,-0.004257,0.00745,26.5
0.745,-0.031084,0.023911,9.865733,0.005321,0.001064,0.002128,26.375
0.746,0.019129,0.028693,9.805956,0.001064,-0.005321,0.003193,26.5
0.747,0.028693,0.023911,9.844213,0.001064,0.001064,0.001064,26.625
0.748,0.031084,0.002391,9.856169,0.002128,-0.001064,0.00745,26.4375
0.749,0.052604,-0.007173,9.860951,0.003193,-0.001064,0.008514,26.4375
0.75,0.057387,0.007173,9.887253,0.001064,0,0.010642,26.5
0.751,0.090862,0.047822,9.892036,0.005321,0.001064,0,26.6875
0.752,0.059778,0.033476,9.877689,0.009578,-0.010642,0.003193,26.625
0.753,0.093253,0.011956,9.848996,0.001064,-0.001064,0,26.5
0.754,0.08608,-0.007173,9.918338,0.00745,-0.002128,0.005321,26.5625
0.755,0.066951,-0.011956,9.789218,0.001064,-0.00745,-0.001064,26.1875
0.756,0.026302,0.023911,9.894427,0.005321,-0.005321,0.00745,26.375
0.757,0.019129,0.009564,9.920729,0.006385,-0.005321,0.006385,26.5625
0.758,-0.004782,0.019129,9.875298,0.004257,-0.001064,0.00745,26.5
0.759,-0.007173,0.035867,9.83704,-0.002128,-0.005321,0.002128,26.375
0.76,-0.016738,0.035867,9.853778,-0.005321,-0.002128,0.00745,26.4375
0.761,-0.019129,0.019129,9.841822,0.001064,0.002128,0.004257,26.6875
0.762,0.026302,-0.007173,9.81552,0.001064,-0.001064,-0.003193,26.5
0.763,0.045431,0.038258,9.794,0.006385,-0.001064,0.002128,26.3125
0.764,0.02152,-0.009564,9.829867,0.005321,0,0.003193,26.5625
0.765,0.009564,0.026302,9.882471,0.005321,-0.003193,-0.002128,26.625
0.766,0.054996,0.023911,9.822693,0.001064,0.001064,0.004257,26.625
0.767,0.062169,0.011956,9.903991,0.004257,-0.002128,-0.002128,26.4375
0.768,0.057387,-0.011956,9.877689,0.005321,0.001064,0.002128,26.625
0.769,0.105209,-0.014347,9.918338,0.001064,0.001064,0.003193,26.625
0.77,0.088471,-0.014347,9.894427,0.003193,0.001064,0.003193,26.6875
0.771,0.08608,0.019129,9.884862,0.005321,-0.008514,0,26.5
0.772,0.059778,-0.007173,9.88008,0.005321,-0.00745,0.002128,26.4375
0.773,-0.016738,-0.004782,9.906382,0.005321,0.002128,-0.002128,26.6875
0.774,0.007173,0,9.903991,0.008514,-0.002128,0.003193,26.8125
0.775,0.009564,0.023911,9.865733,0.002128,-0.00745,0.003193,26.4375
0.776,0.014347,0.016738,9.913556,0.004257,-0.005321,-0.002128,26.4375
0.777,0.074125,0.028693,9.903991,0.001064,-0.001064,0.003193,26.625
0.778,0.057387,-0.011956,9.863342,0.003193,-0.002128,0,26.5625
0.779,0.026302,0.045431,9.892036,0.002128,-0.001064,0.002128,26.625
0.78,0.002391,0.052604,9.896818,0.00745,-0.004257,-0.003193,26.3125
0.781,-0.014347,0.02152,9.892036,0.003193,-0.00745,0.00745,26.6875
0.782,0,-0.002391,9.9016,0.00745,-0.003193,0.00745,26.625
0.783,0.031084,0.02152,9.860951,0.006385,0.002128,0.004257,26.5625
0.784,0.009564,0.023911,9.920729,0.00745,-0.002128,0.005321,26.375
0.785,0.040649,0.023911,9.925511,0.005321,-0.001064,-0.002128,26.6875
0.786,0.028693,0.028693,9.887253,0.001064,0,0.001064,26.5625
0.787,0.031084,-0.014347,9.9016,0.004257,-0.004257,0.00745,26.625
0.788,0.014347,0.011956,9.882471,0.006385,0.001064,0.011706,26.6875
0.789,-0.026302,0.014347,9.846604,0.003193,-0.001064,0.003193,26.5625
0.79,0.004782,-0.004782,9.949422,0.002128,-0.001064,0.002128,26.5625
0.791,0.009564,0.040649,9.827476,0.003193,0,0.004257,26.4375
0.792,-0.035867,0.06456,9.935076,0.005321,0.002128,-0.002128,26.5
0.793,0.002391,0.054996,9.827476,0.00745,-0.004257,0.001064,26.4375
0.794,0.019129,0.062169,9.899209,0.004257,-0.002128,0.006385,26.5625
0.795,-0.007173,0.059778,9.865733,-0.001064,-0.006385,0.006385,26.5625
0.796,0.04304,0.04304,9.808347,0,0.001064,0.003193,26.5625
0.797,0,0.028693,9.817911,0.002128,-0.002128,0.00745,26.5625
0.798,-0.009564,0.038258,9.796391,0.004257,-0.004257,0.002128,26.375
0.799,0.009564,0.004782,9.865733,0.003193,-0.005321,0.004257,26.5
0.8,0.062169,-0.02152,9.853778,0.001064,0.006385,0.00745,26.625
0.801,0.054996,0.009564,9.88008,0.004257,-0.003193,0.006385,26.4375
0.802,0.08608,0.057387,9.894427,0.002128,0,0,26.5
0.803,0.093253,-0.028693,9.865733,0.005321,0.002128,0,26.375
0.804,0.066951,-0.004782,9.870516,0.003193,-0.003193,0.00745,26.5
0.805,0.06456,-0.019129,9.856169,0.004257,-0.002128,0.005321,26.4375
0.806,0.031084,-0.007173,9.930293,0.002128,-0.001064,-0.001064,26.6875
0.807,0.069342,0.002391,9.875298,0.003193,0.003193,0.005321,26.4375
0.808,0.095645,0.002391,9.915947,0.00745,-0.005321,0.004257,26.5
0.809,0.045431,0.023911,9.903991,0.005321,0.001064,0.001064,26.5
0.81,0.047822,-0.011956,9.918338,0.004257,-0.004257,0.002128,26.4375
0.811,0.040649,-0.007173,9.958987,0.00745,-0.002128,0.002128,26.375
0.812,-0.014347,0.016738,9.88008,0.002128,0.001064,0,26.8125
0.813,0.007173,0.023911,9.911165,0.004257,-0.001064,0.001064,26.5625
0.814,-0.031084,0.035867,9.915947,0.003193,-0.003193,0,26.5
0.815,0.004782,0.004782,9.913556,0.004257,-0.004257,0.003193,26.375
0.816,0.004782,-0.002391,9.889645,0,0.002128,0.006385,26.5
0.817,-0.035867,0.076516,9.827476,0.002128,-0.002128,0.003193,26.4375
0.818,0.038258,0.06456,9.882471,0.001064,0.002128,0.001064,26.6875
0.819,0.038258,0.033476,9.779653,0.001064,0,0.003193,26.5
0.82,-0.031084,0.011956,9.810738,-0.001064,0,0.004257,26.4375
0.821,0.04304,0.023911,9.81552,0,-0.003193,0.006385,26.6875
0.822,0.057387,0.009564,9.872907,0.001064,0,0.003193,26.5
0.823,0.04304,-0.007173,9.899209,0.00745,0.002128,0.001064,26.6875
0.824,0.098036,-0.002391,9.853778,0.009578,0.004257,0.001064,26.5625
0.825,0.076516,-0.002391,9.892036,0.002128,-0.006385,0.002128,26.4375
0.826,0.069342,0.011956,9.958987,0.006385,0,0.008514,26.4375
0.827,0.050213,0.002391,9.896818,0.003193,0.001064,0.00745,26.5
0.828,0.102818,-0.035867,9.877689,0.003193,-0.004257,0.003193,26.4375
0.829,0.031084,0.026302,9.829867,0.003193,-0.003193,0.00745,26.625
0.83,0.014347,0.033476,9.896818,0.006385,-0.002128,-0.002128,26.5625
0.831,0.02152,0.071733,9.892036,0.002128,-0.001064,0.003193,26.625
0.832,0.016738,0.054996,9.882471,0.004257,-0.001064,0.003193,26.5
0.833,0.007173,0.040649,9.877689,0.004257,0,0.005321,26.375
0.834,0.007173,0.019129,9.844213,0.006385,-0.006385,-0.003193,26.6875
0.835,0.004782,0.038258,9.892036,0.003193,-0.006385,0,26.5625
0.836,0.031084,0.023911,9.798782,0.004257,-0.003193,0.006385,26.5
0.837,0.023911,0.026302,9.83704,0.005321,-0.004257,-0.001064,26.625
0.838,0.088471,0.023911,9.820302,-0.003193,-0.004257,0.001064,26.3125
0.839,0.033476,-0.011956,9.848996,0.00745,-0.002128,-0.003193,26.375
0.84,0.078907,0.023911,9.844213,0.00745,-0.004257,0.004257,26.5625
0.841,0.098036,0.026302,9.856169,0.004257,-0.003193,0,26.4375
0.842,0.050213,-0.011956,9.954205,0.004257,0.002128,0.002128,26.5625
0.843,0.071733,0.031084,9.829867,0.00745,-0.002128,-0.002128,26.5
0.844,0.016738,0.02152,9.85856,0.003193,-0.002128,0,26.5625
0.845,-0.016738,-0.011956,9.918338,0.00745,-0.005321,0.001064,26.5
0.846,-0.023911,0.023911,9.949422,0.008514,-0.004257,0.002128,26.6875
0.847,0.009564,0.040649,9.908773,0.002128,0.003193,-0.004257,26.6875
0.848,-0.011956,0.038258,9.832258,0.001064,0.001064,0.008514,26.625
0.849,0.035867,0.023911,9.877689,0.004257,0.001064,0.005321,26.5
0.85,0,0.019129,9.848996,0.003193,0,0,26.5
0.851,0.045431,0.007173,9.834649,-0.001064,-0.002128,-0.003193,26.5
0.852,0.054996,0.002391,9.88008,0,-0.002128,-0.002128,26.375
0.853,0.033476,0.04304,9.884862,0.00745,0.004257,0.004257,26.375
0.854,0.076516,-0.007173,9.892036,0.004257,0.005321,0.003193,26.5
0.855,0.062169,0.019129,9.899209,0.005321,-0.003193,0.00745,26.625
0.856,0.1076,0.045431,9.911165,0.005321,-0.002128,0,26.5625
0.857,0.033476,-0.004782,9.9016,0.006385,-0.003193,0.005321,26.375
0.858,0.035867,0.019129,9.899209,0.001064,0.003193,-0.001064,26.625
0.859,0.062169,0,9.88008,0.004257,-0.002128,0.004257,26.5
0.86,0.016738,0.007173,9.947031,0.005321,-0.00745,0,26.625
0.861,-0.028693,-0.007173,9.860951,0.004257,0.001064,0,26.3125
0.862,0.026302,0.054996,9.892036,0.003193,-0.004257,0,26.5
0.863,-0.004782,0.035867,9.882471,0.006385,-0.005321,0.001064,26.625
0.864,-0.016738,0.016738,9.841822,0.006385,-0.003193,0.006385,26.5625
0.865,0.04304,0.019129,9.813129,0.003193,0.001064,0.005321,26.625
0.866,0.007173,0.040649,9.810738,0.005321,-0.003193,-0.002128,26.75
0.867,0.026302,-0.002391,9.827476,0.002128,0.003193,0.003193,26.625
0.868,-0.002391,0.014347,9.870516,0,-0.003193,-0.004257,26.5625
0.869,0.100427,-0.002391,9.85856,-0.001064,-0.002128,0,26.5625
0.87,0.093253,0.038258,9.865733,0.003193,-0.002128,0.005321,26.4375
0.871,0.105209,0.059778,9.856169,0.00745,-0.003193,-0.003193,26.5
0.872,0.054996,0.040649,9.875298,0.002128,0.002128,0.006385,26.5625
0.873,0.083689,-0.007173,9.92312,0.009578,-0.006385,0,26.5
0.874,0.081298,-0.023911,9.908773,0.005321,0,0.002128,26.5625
0.875,0.088471,0.038258,9.925511,0.006385,0.002128,-0.001064,26.5625
0.876,0.066951,-0.009564,9.868125,-0.002128,-0.004257,0.001064,26.5
0.877,0.040649,0.023911,9.870516,0.001064,-0.006385,-0.010642,26.6875
0.878,0.026302,0.009564,9.870516,0,-0.005321,-0.001064,26.75
0.879,0.011956,-0.014347,9.92312,0.006385,-0.001064,0.006385,26.625
0.88,0.028693,0.040649,9.911165,-0.002128,-0.002128,-0.003193,26.625
0.881,0.026302,-0.02152,9.908773,0.009578,0.001064,0.004257,26.5
0.882,-0.004782,0.016738,9.853778,0.003193,-0.004257,0.003193,26.75
0.883,0.028693,0.04304,9.911165,0.003193,-0.006385,0.002128,26.125
0.884,0.007173,0.04304,9.872907,0.002128,-0.003193,0.004257,26.625
0.885,-0.016738,0.023911,9.92312,0.001064,-0.003193,-0.001064,26.3125
0.886,0.040649,0.023911,9.892036,0.002128,-0.002128,-0.002128,26.6875
0.887,0.019129,0.038258,9.92312,0.00745,-0.008514,-0.003193,26.3125
0.888,0.011956,-0.011956,9.889645,0.002128,-0.006385,0.003193,26.3125
0.889,0.031084,0.057387,9.848996,0.009578,-0.006385,-0.004257,26.3125
0.89,0.023911,-0.002391,9.863342,0.005321,-0.003193,-0.005321,26.625
0.891,0.004782,-0.009564,9.808347,0.002128,0,0,26.5625
0.892,0.002391,-0.002391,9.892036,0.005321,-0.00745,0.005321,26.5
0.893,0.04304,0.026302,9.83704,-0.002128,-0.006385,0.002128,26.5
0.894,0.088471,0.057387,9.805956,0.011706,-0.001064,-0.001064,26.6875
0.895,0.105209,0.009564,9.856169,0.003193,0.002128,-0.002128,26.4375
0.896,0.031084,0.016738,9.903991,0.005321,0.001064,0.001064,26.6875
0.897,0.081298,0.016738,9.930293,0.006385,0.001064,0.010642,26.625
0.898,0.057387,0.047822,9.851387,0.005321,0.002128,-0.003193,26.375
0.899,0.090862,-0.019129,9.927902,0.00745,0.005321,0.005321,26.625
0.9,0.040649,0.009564,9.908773,0.010642,-0.004257,0.004257,26.5
0.901,0.121947,0.009564,9.791609,-0.001064,-0.001064,0.002128,26.625
0.902,0.06456,-0.016738,9.927902,0.002128,-0.005321,0.005321,26.5625
0.903,0.08608,0.040649,9.884862,-0.002128,-0.001064,0.00745,26.625
0.904,0.074125,0.026302,9.860951,0.010642,-0.011706,0.004257,26.625
0.905,0.035867,0.007173,9.9016,0.004257,-0.005321,0.009578,26.4375
0.906,0.016738,0.004782,9.913556,0.00745,0,0.002128,26.375
0.907,-0.004782,0.014347,9.875298,0.006385,0.001064,0.002128,26.5
0.908,-0.004782,0.02152,9.846604,0,0,-0.001064,26.5
0.909,0.004782,-0.004782,9.875298,0.004257,-0.002128,0.004257,26.625
0.91,0.028693,0.016738,9.875298,0,-0.00745,0.001064,26.5
0.911,0.007173,0.019129,9.834649,0.010642,-0.002128,0.008514,26.5
0.912,0.019129,0.014347,9.853778,0.003193,-0.001064,-0.003193,26.625
0.913,0.050213,0,9.853778,0.003193,-0.002128,0.001064,26.5
0.914,0.047822,-0.002391,9.870516,0,0.005321,0,26.5
0.915,0.059778,-0.038258,9.820302,0.009578,-0.005321,0.004257,26.5
0.916,0.054996,0.033476,9.882471,0.002128,0,0.004257,26.5
0.917,0.047822,0.02152,9.88008,0.006385,0.001064,0.001064,26.5
0.918,0.078907,0.009564,9.887253,0.009578,0,-0.001064,26.625
0.919,0.062169,-0.014347,9.844213,0.003193,-0.005321,0.002128,26.4375
0.92,0.050213,-0.007173,9.906382,0.004257,-0.006385,-0.004257,26.625
0.921,0.062169,0,9.887253,0.001064,-0.008514,0.001064,26.3125
0.922,0.019129,0.004782,9.908773,0.002128,-0.008514,0.001064,26.5625
0.923,-0.033476,0.066951,9.877689,-0.001064,-0.001064,0.001064,26.5625
0.924,-0.011956,0.035867,9.9016,0.001064,-0.001064,-0.001064,26.5625
0.925,-0.016738,-0.009564,9.875298,0.001064,0.001064,0.002128,26.6875
0.926,-0.040649,0.019129,9.829867,0,-0.004257,-0.003193,26.5
0.927,0.002391,0.040649,9.848996,0.001064,-0.001064,0.001064,26.5
0.928,0.028693,0.019129,9.860951,0.002128,0.003193,0.002128,26.6875
0.929,0.011956,0.040649,9.908773,0.009578,0.003193,0.004257,26.625
0.93,-0.011956,0.045431,9.865733,0.005321,-0.002128,0.00745,26.4375
0.931,0.011956,0.009564,9.844213,0.001064,-0.003193,0.004257,26.5625
0.932,-0.011956,0.019129,9.865733,0.004257,-0.002128,0.001064,26.5
0.933,-0.016738,0.014347,9.856169,0.002128,-0.002128,0,26.625
0.934,0.033476,0.011956,9.856169,-0.002128,-0.004257,0.006385,26.5
0.935,-0.02152,-0.014347,9.832258,0.003193,0,-0.004257,26.4375
0.936,0.031084,0.023911,9.832258,0.002128,0.003193,0.001064,26.6875
0.937,0.057387,0.016738,9.827476,0.002128,-0.004257,0.00745,26.4375
0.938,0.062169,0.016738,9.877689,0.004257,-0.004257,0.002128,26.6875
0.939,0.066951,-0.02152,9.865733,0.011706,-0.004257,-0.001064,26.375
0.94,0.04304,0.023911,9.877689,0.005321,-0.006385,0,26.5625
0.941,0.062169,0.033476,9.88008,0.00745,-0.001064,0.002128,26.625
0.942,0.062169,0.014347,9.865733,0.00745,-0.001064,-0.004257,26.5625
0.943,0.090862,-0.004782,9.925511,0.003193,-0.003193,0.008514,26.5
0.944,0.04304,-0.002391,9.85856,0.005321,-0.002128,-0.001064,26.6875
0.945,0.093253,0.033476,9.908773,-0.001064,0,-0.001064,26.625
0.946,0.04304,0.023911,9.906382,0.008514,-0.002128,-0.001064,26.6875
0.947,0.059778,-0.016738,9.896818,0.009578,0.001064,-0.003193,26.4375
0.948,-0.02152,0.02152,9.884862,0.005321,-0.004257,-0.001064,26.4375
0.949,-0.035867,0,9.908773,0.006385,-0.002128,0.009578,26.625
0.95,-0.011956,0.052604,9.88008,0,0,0.003193,26.5
0.951,0.040649,0.023911,9.808347,-0.001064,0.002128,0.006385,26.5
0.952,0.02152,0.04304,9.784436,0.004257,-0.003193,-0.001064,26.4375
0.953,0.062169,-0.007173,9.829867,0.002128,-0.001064,0.003193,26.6875
0.954,0.04304,-0.002391,9.899209,0.001064,-0.001064,0.002128,26.5625
0.955,0.057387,0.023911,9.803564,0.003193,-0.002128,0.004257,26.5
0.956,0.081298,0,9.884862,0.001064,-0.004257,0.004257,26.375
0.957,0.071733,0.059778,9.906382,0.004257,-0.006385,-0.004257,26.5
0.958,0.04304,-0.016738,9.853778,0.009578,-0.003193,-0.001064,26.375
0.959,0.023911,0.031084,9.872907,0.006385,-0.003193,0.004257,26.5625
0.96,0.031084,0.009564,9.9016,0.001064,-0.002128,0.004257,26.375
0.961,-0.004782,0.009564,9.930293,0.006385,-0.004257,0.001064,26.5
0.962,0.062169,0.028693,9.903991,0.008514,-0.002128,0.005321,26.5625
0.963,0.019129,0.028693,9.92312,0,-0.003193,-0.002128,26.625
0.964,0.004782,0.016738,9.932685,0.009578,-0.003193,-0.003193,26.375
0.965,0.033476,0.023911,9.896818,0.008514,-0.006385,0.002128,26.5625
0.966,0.038258,0.035867,9.896818,0,0,-0.002128,26.625
0.967,0.004782,0.040649,9.892036,0.001064,-0.002128,0.005321,26.375
0.968,0.011956,0.050213,9.848996,0.008514,0.001064,0.006385,26.4375
0.969,-0.014347,0.040649,9.911165,0.003193,-0.002128,0.005321,26.6875
0.97,-0.002391,0.023911,9.865733,0.002128,-0.003193,0.003193,26.5
0.971,-0.06456,0.038258,9.860951,0,0,0.005321,26.375
0.972,0,0.033476,9.851387,0.001064,-0.006385,0.004257,26.4375
0.973,0.019129,0.014347,9.813129,0.003193,-0.001064,0.00745,26.5625
0.974,0.026302,0.040649,9.825084,0.006385,-0.004257,0.001064,26.5625
0.975,0.076516,-0.016738,9.9016,0.004257,-0.00745,0.002128,26.625
0.976,0.076516,0.014347,9.872907,0.006385,-0.003193,0.004257,26.6875
0.977,0.105209,0.031084,9.884862,0.001064,0.001064,0.005321,26.6875
0.978,0.112382,0.031084,9.894427,0,-0.004257,-0.001064,26.4375
0.979,0.04304,0.031084,9.877689,0,-0.006385,0.006385,26.4375
0.98,0.078907,0.014347,9.884862,0.008514,0,0,26.5625
0.981,0.04304,-0.033476,9.906382,0.004257,-0.004257,0.00745,26.375
0.982,0.057387,0.038258,9.887253,0.004257,-0.002128,0.005321,26.375
0.983,0.011956,0.033476,9.899209,0.006385,-0.006385,0.006385,26.625
0.984,0.026302,0.050213,9.94464,-0.003193,-0.001064,0.002128,26.5625
0.985,0.038258,0.031084,9.851387,0.003193,-0.004257,0.003193,26.3125
0.986,-0.007173,0.035867,9.829867,0.001064,0,0,26.5
0.987,0.011956,0.019129,9.822693,0.001064,-0.00745,0.002128,26.625
0.988,0.007173,0.016738,9.827476,0.002128,-0.006385,0.004257,26.3125
0.989,0.026302,0.014347,9.798782,0.001064,-0.002128,-0.002128,26.4375
0.99,-0.002391,0.026302,9.791609,0.005321,-0.004257,0.002128,26.6875
0.991,0.066951,0.004782,9.9016,-0.002128,-0.002128,0.001064,26.625
0.992,0.090862,0.004782,9.870516,0.008514,0.001064,-0.002128,26.3125
0.993,0.081298,0.023911,9.868125,0.00745,0.002128,-0.00745,26.3125
0.994,0.083689,0.028693,9.865733,0.006385,0,0.001064,26.625
0.995,0.045431,-0.019129,9.884862,0.003193,-0.005321,0.005321,26.625
0.996,-0.011956,0.009564,9.887253,0.003193,0,-0.006385,26.625
0.997,0.007173,0.004782,9.896818,0,0.001064,-0.002128,26.625
0.998,-0.028693,0.035867,9.937467,0.003193,0.004257,0.004257,26.5625
0.999,-0.011956,0.04304,9.863342,0.005321,-0.002128,0.004257,26.6875
1,0.04304,0.028693,9.856169,0,-0.002128,0.006385,26.625
